Week Ending Date,Game Type,Sales Amount
04/11/2020,Lotto,1349927.50
04/11/2020,Instant,4830875.00
04/11/2020,Instaplay,394357.00
04/18/2020,Lotto,1377190.50
04/18/2020,Instant,5445132.00
04/18/2020,Pulltab,834961.03
04/18/2020,Instaplay,494777.00
04/25/2020,Lotto,1411146.50
04/25/2020,Instant,5519020.00
04/25/2020,Pulltab,13500.00
04/25/2020,Instaplay,562695.00
05/02/2020,Lotto,1504080.50
05/02/2020,Instant,5833116.00
05/02/2020,Pulltab,14040.00
05/02/2020,Instaplay,593021.00
05/09/2020,Lotto,1589704.50
05/09/2020,Instant,6381000.00
05/09/2020,Instaplay,625509.00
05/16/2020,Lotto,1655833.00
05/16/2020,Instant,6403265.00
05/16/2020,Pulltab,792450.00
05/16/2020,Instaplay,678025.00
05/23/2020,Lotto,1721205.00
05/23/2020,Instant,6710261.00
05/23/2020,Pulltab,72630.00
05/23/2020,Instaplay,415428.00
05/30/2020,Lotto,1759981.00
05/30/2020,Instant,6364706.00
05/30/2020,Pulltab,155650.28
05/30/2020,Instaplay,439449.00
06/06/2020,Lotto,1917838.50
06/06/2020,Instant,6224066.00
06/06/2020,Pulltab,67905.00
06/06/2020,Instaplay,418199.00
06/13/2020,Lotto,1712881.50
06/13/2020,Instant,7820606.00
06/13/2020,Pulltab,68985.00
06/13/2020,Instaplay,370641.00
06/20/2020,Lotto,1391451.50
06/20/2020,Instant,5744197.00
06/20/2020,Pulltab,866520.25
06/20/2020,Instaplay,446045.00
06/27/2020,Lotto,1421329.50
06/27/2020,Instant,5972668.00
06/27/2020,Pulltab,22435.50
06/27/2020,Instaplay,445200.00
07/04/2020,Lotto,1457609.50
07/04/2020,Instant,6467038.00
07/04/2020,Pulltab,52110.00
07/04/2020,Instaplay,415849.00
07/11/2020,Lotto,1480642.00
07/11/2020,Instant,5235466.00
07/11/2020,Pulltab,230310.00
07/11/2020,Instaplay,424929.00
07/18/2020,Lotto,1525475.50
07/18/2020,Instant,4964885.00
07/18/2020,Pulltab,144585.00
07/18/2020,Instaplay,510754.00
07/25/2020,Lotto,1567830.50
07/25/2020,Instant,5086951.00
07/25/2020,Pulltab,749790.00
07/25/2020,Instaplay,718589.00
08/01/2020,Lotto,1529670.00
08/01/2020,Instant,6396201.00
08/01/2020,Pulltab,20177.01
08/01/2020,Instaplay,774024.00
08/08/2020,Lotto,1571764.00
08/08/2020,Instant,5236594.00
08/08/2020,Pulltab,154170.00
08/08/2020,Instaplay,488950.00
08/15/2020,Lotto,1311847.50
08/15/2020,Instant,4660111.00
08/15/2020,Pulltab,145665.00
08/15/2020,Instaplay,392994.00
08/22/2020,Lotto,1349851.00
08/22/2020,Instant,5481221.00
08/22/2020,Pulltab,530401.24
08/22/2020,Instaplay,555135.00
08/29/2020,Lotto,1374542.50
08/29/2020,Instant,6262610.00
08/29/2020,Pulltab,14763.03
08/29/2020,Instaplay,581799.00
09/05/2020,Lotto,1449045.50
09/05/2020,Instant,4653803.00
09/05/2020,Pulltab,188648.03
09/05/2020,Instaplay,368129.00
09/12/2020,Lotto,1424797.50
09/12/2020,Instant,4725867.00
09/12/2020,Pulltab,109160.01
09/12/2020,Instaplay,407328.00
09/19/2020,Lotto,1403790.00
09/19/2020,Instant,5552201.00
09/19/2020,Pulltab,498996.98
09/19/2020,Instaplay,518233.00
09/26/2020,Lotto,1323791.50
09/26/2020,Instant,5623058.00
09/26/2020,Pulltab,12690.00
09/26/2020,Instaplay,710168.00
10/03/2020,Lotto,1366432.00
10/03/2020,Instant,4729183.00
10/03/2020,Pulltab,188688.54
10/03/2020,Instaplay,1109083.00
10/10/2020,Lotto,1385615.50
10/10/2020,Instant,5037794.00
10/10/2020,Pulltab,184895.50
10/10/2020,Instaplay,388092.00
10/17/2020,Lotto,1394575.00
10/17/2020,Instant,4924584.00
10/17/2020,Pulltab,468002.02
10/17/2020,Instaplay,369906.00
10/24/2020,Lotto,1430587.50
10/24/2020,Instant,6173779.00
10/24/2020,Pulltab,11970.25
10/24/2020,Instaplay,416693.00
10/31/2020,Lotto,1473498.50
10/31/2020,Instant,6668232.00
10/31/2020,Pulltab,321435.00
10/31/2020,Instaplay,408969.00
11/07/2020,Lotto,1472624.50
11/07/2020,Instant,5511851.00
11/07/2020,Pulltab,270225.03
11/07/2020,Instaplay,291935.00
11/14/2020,Lotto,1534816.50
11/14/2020,Instant,5446370.00
11/14/2020,Pulltab,8910.00
11/14/2020,Instaplay,292992.00
11/21/2020,Lotto,1563613.00
11/21/2020,Instant,6685806.00
11/21/2020,Pulltab,440370.00
11/21/2020,Instaplay,272081.00
11/28/2020,Lotto,1646197.00
11/28/2020,Instant,5546100.00
11/28/2020,Pulltab,9585.00
11/28/2020,Instaplay,288133.00
12/05/2020,Lotto,1793081.50
12/05/2020,Instant,5122496.00
12/05/2020,Pulltab,286065.00
12/05/2020,Instaplay,334127.00
12/12/2020,Lotto,1855179.00
12/12/2020,Instant,6140704.00
12/12/2020,Pulltab,294975.00
12/12/2020,Instaplay,327594.00
12/19/2020,Lotto,2022409.50
12/19/2020,Instant,5568584.00
12/19/2020,Pulltab,296464.27
12/19/2020,Instaplay,353893.00
12/26/2020,Lotto,2222266.00
12/26/2020,Instant,5455432.00
12/26/2020,Pulltab,18630.00
12/26/2020,Instaplay,384171.00
01/02/2021,Lotto,2566185.00
01/02/2021,Instant,5901634.00
01/02/2021,Pulltab,252855.00
01/02/2021,Instaplay,410566.00
01/09/2021,Lotto,4413902.00
01/09/2021,Instant,7587824.00
01/09/2021,Pulltab,224723.78
01/09/2021,Instaplay,408687.00
01/16/2021,Lotto,7343433.00
01/16/2021,Instant,5151092.00
01/16/2021,Pulltab,364095.00
01/16/2021,Instaplay,376553.00
01/23/2021,Lotto,8063193.00
01/23/2021,Instant,5282969.00
01/23/2021,Pulltab,16885.77
01/23/2021,Instaplay,361944.00
01/30/2021,Lotto,1453727.50
01/30/2021,Instant,8691691.00
01/30/2021,Pulltab,391490.48
01/30/2021,Instaplay,403709.00
02/06/2021,Lotto,1455758.50
02/06/2021,Instant,6651446.00
02/06/2021,Pulltab,249210.00
02/06/2021,Instaplay,498298.00
02/13/2021,Lotto,1414298.00
02/13/2021,Instant,5170301.00
02/13/2021,Pulltab,42660.00
02/13/2021,Instaplay,504860.00
02/20/2021,Lotto,1412305.00
02/20/2021,Instant,6974279.00
02/20/2021,Pulltab,425385.00
02/20/2021,Instaplay,340158.00
02/27/2021,Lotto,1491619.50
02/27/2021,Instant,7165391.00
02/27/2021,Pulltab,196806.55
02/27/2021,Instaplay,421607.00
03/06/2021,Lotto,1576649.00
03/06/2021,Instant,5353331.00
03/06/2021,Pulltab,232048.25
03/06/2021,Instaplay,361650.00
03/13/2021,Lotto,1605526.00
03/13/2021,Instant,5636877.00
03/13/2021,Pulltab,417825.00
03/13/2021,Instaplay,418646.00
03/20/2021,Lotto,1680791.00
03/20/2021,Instant,6875262.00
03/20/2021,Pulltab,8343.53
03/20/2021,Instaplay,498671.00
03/27/2021,Lotto,1751127.50
03/27/2021,Instant,8452483.00
03/27/2021,Pulltab,481950.00
03/27/2021,Instaplay,638061.00
04/03/2021,Lotto,1586804.00
04/03/2021,Instant,6789212.00
04/03/2021,Pulltab,304528.72
04/03/2021,Instaplay,794288.00
04/10/2021,Lotto,1609192.00
04/10/2021,Instant,6630269.00
04/10/2021,Pulltab,304154.03
04/10/2021,Instaplay,429960.00
04/17/2021,Lotto,1668252.50
04/17/2021,Instant,8285802.00
04/17/2021,Pulltab,341907.76
04/17/2021,Instaplay,493615.00
04/24/2021,Lotto,1716836.50
04/24/2021,Instant,6702911.00
04/24/2021,Pulltab,304597.04
04/24/2021,Instaplay,513472.00
05/01/2021,Lotto,1781741.00
05/01/2021,Instant,7779119.00
05/01/2021,Pulltab,292563.54
05/01/2021,Instaplay,339405.00
05/08/2021,Lotto,2022507.00
05/08/2021,Instant,6833076.00
05/08/2021,Pulltab,220017.51
05/08/2021,Instaplay,375689.00
05/15/2021,Lotto,2297591.00
05/15/2021,Instant,6470587.00
05/15/2021,Pulltab,358979.20
05/15/2021,Instaplay,465059.00
05/22/2021,Lotto,2564344.00
05/22/2021,Instant,6794535.00
05/22/2021,Pulltab,260550.00
05/22/2021,Instaplay,610316.00
05/29/2021,Lotto,1712993.00
05/29/2021,Instant,7164028.00
05/29/2021,Pulltab,278505.00
05/29/2021,Instaplay,398019.00
06/05/2021,Lotto,1726965.50
06/05/2021,Instant,6210339.00
06/05/2021,Pulltab,255960.00
06/05/2021,Instaplay,328294.00
06/12/2021,Lotto,1419572.50
06/12/2021,Instant,5604839.00
06/12/2021,Pulltab,196585.73
06/12/2021,Instaplay,344019.00
06/19/2021,Lotto,1452011.50
06/19/2021,Instant,6314009.00
06/19/2021,Pulltab,281070.00
06/19/2021,Instaplay,335734.00
06/26/2021,Lotto,1476974.50
06/26/2021,Instant,5410897.00
06/26/2021,Pulltab,249345.00
06/26/2021,Instaplay,321391.00
07/03/2021,Lotto,1563370.00
07/03/2021,Instant,6445257.00
07/03/2021,Pulltab,301455.00
07/03/2021,Instaplay,321349.00
07/10/2021,Lotto,1554355.00
07/10/2021,Instant,5244434.00
07/10/2021,Pulltab,133391.52
07/10/2021,Instaplay,316081.00
07/17/2021,Lotto,1603964.00
07/17/2021,Instant,4953815.00
07/17/2021,Pulltab,272700.00
07/17/2021,Instaplay,379344.00
07/24/2021,Lotto,1658215.00
07/24/2021,Instant,6267377.00
07/24/2021,Pulltab,259065.00
07/24/2021,Instaplay,414764.00
07/31/2021,Lotto,1691434.00
07/31/2021,Instant,5757731.00
07/31/2021,Pulltab,254880.00
07/31/2021,Instaplay,443079.00
08/07/2021,Lotto,1793107.50
08/07/2021,Instant,5132196.00
08/07/2021,Pulltab,218903.54
08/07/2021,Instaplay,462831.00
08/14/2021,Lotto,1857228.00
08/14/2021,Instant,5725288.00
08/14/2021,Pulltab,269752.03
08/14/2021,Instaplay,364685.00
08/21/2021,Lotto,1893554.00
08/21/2021,Instant,5737863.00
08/21/2021,Pulltab,219504.98
08/21/2021,Instaplay,346020.00
08/28/2021,Lotto,2152890.00
08/28/2021,Instant,6209287.00
08/28/2021,Pulltab,244859.25
08/28/2021,Instaplay,336829.00
09/04/2021,Lotto,2359783.50
09/04/2021,Instant,5373402.00
09/04/2021,Pulltab,249561.00
09/04/2021,Instaplay,384569.00
09/11/2021,Lotto,2523068.00
09/11/2021,Instant,5119519.00
09/11/2021,Pulltab,199530.00
09/11/2021,Instaplay,420053.00
09/18/2021,Lotto,2970315.00
09/18/2021,Instant,5328149.00
09/18/2021,Pulltab,239220.00
09/18/2021,Instaplay,470445.00
09/25/2021,Lotto,2920402.00
09/25/2021,Instant,4877693.00
09/25/2021,Pulltab,260550.00
09/25/2021,Instaplay,607908.00
10/02/2021,Lotto,3824966.00
10/02/2021,Instant,5892066.00
10/02/2021,Pulltab,199530.00
10/02/2021,Instaplay,380111.00
10/09/2021,Lotto,2580195.00
10/09/2021,Instant,4682231.00
10/09/2021,Pulltab,198743.72
10/09/2021,Instaplay,320706.00
10/16/2021,Lotto,1549788.00
10/16/2021,Instant,4269155.00
10/16/2021,Pulltab,273603.26
10/16/2021,Instaplay,296648.00
10/23/2021,Lotto,1610196.00
10/23/2021,Instant,6470312.00
10/23/2021,Pulltab,280935.00
10/23/2021,Instaplay,334703.00
10/30/2021,Lotto,1595012.50
10/30/2021,Instant,6759619.00
10/30/2021,Pulltab,244876.27
10/30/2021,Instaplay,361288.00
11/06/2021,Lotto,1674830.00
11/06/2021,Instant,5016153.00
11/06/2021,Pulltab,256500.00
11/06/2021,Instaplay,400887.00
11/13/2021,Lotto,1678145.00
11/13/2021,Instant,5076109.00
11/13/2021,Pulltab,178065.00
11/13/2021,Instaplay,415026.00
11/20/2021,Lotto,1717412.50
11/20/2021,Instant,6688025.00
11/20/2021,Pulltab,333107.51
11/20/2021,Instaplay,391397.00
11/27/2021,Lotto,1762052.00
11/27/2021,Instant,5467245.00
11/27/2021,Pulltab,131281.49
11/27/2021,Instaplay,385399.00
12/04/2021,Lotto,1892626.00
12/04/2021,Instant,5097715.00
12/04/2021,Pulltab,251100.00
12/04/2021,Instaplay,503946.00
12/11/2021,Lotto,1910451.00
12/11/2021,Instant,6312934.00
12/11/2021,Pulltab,266895.00
12/11/2021,Instaplay,495612.00
12/18/2021,Lotto,2075926.00
12/18/2021,Instant,6010485.00
12/18/2021,Pulltab,302130.00
12/18/2021,Instaplay,375707.00
12/25/2021,Lotto,2344806.00
12/25/2021,Instant,5697483.00
12/25/2021,Pulltab,183060.00
12/25/2021,Instaplay,418488.00
01/01/2022,Lotto,3329656.00
01/01/2022,Instant,5757420.00
01/01/2022,Pulltab,273645.00
01/01/2022,Instaplay,592538.00
01/08/2022,Lotto,3523089.00
01/08/2022,Instant,6976356.00
01/08/2022,Pulltab,256635.00
01/08/2022,Instaplay,897462.00
01/15/2022,Lotto,1769814.50
01/15/2022,Instant,4590297.00
01/15/2022,Pulltab,282564.79
01/15/2022,Instaplay,1298018.00
01/22/2022,Lotto,1843623.00
01/22/2022,Instant,4994511.00
01/22/2022,Pulltab,198450.00
01/22/2022,Instaplay,359912.00
01/29/2022,Lotto,1964133.50
01/29/2022,Instant,7921185.00
01/29/2022,Pulltab,272835.00
01/29/2022,Instaplay,437021.00
02/05/2022,Lotto,1666554.50
02/05/2022,Instant,5688315.00
02/05/2022,Pulltab,222662.99
02/05/2022,Instaplay,482530.00
02/12/2022,Lotto,1716411.00
02/12/2022,Instant,5048998.00
02/12/2022,Pulltab,231390.00
02/12/2022,Instaplay,506410.00
02/19/2022,Lotto,1549328.50
02/19/2022,Instant,6907430.00
02/19/2022,Pulltab,320185.01
02/19/2022,Instaplay,527321.00
02/26/2022,Lotto,1577127.00
02/26/2022,Instant,5366969.00
02/26/2022,Pulltab,202657.56
02/26/2022,Instaplay,464557.00
03/05/2022,Lotto,1679087.00
03/05/2022,Instant,5954782.00
03/05/2022,Pulltab,247521.26
03/05/2022,Instaplay,447101.00
03/12/2022,Lotto,1656155.00
03/12/2022,Instant,4993375.00
03/12/2022,Pulltab,265072.50
03/12/2022,Instaplay,441446.00
03/19/2022,Lotto,1679171.50
03/19/2022,Instant,5241590.00
03/19/2022,Pulltab,279045.00
03/19/2022,Instaplay,427012.00
03/26/2022,Lotto,1731099.50
03/26/2022,Instant,6128501.00
03/26/2022,Pulltab,271350.00
03/26/2022,Instaplay,417030.00
04/02/2022,Lotto,1831822.50
04/02/2022,Instant,6506360.00
04/02/2022,Pulltab,224964.27
04/02/2022,Instaplay,426269.00
04/09/2022,Lotto,1911817.00
04/09/2022,Instant,5223698.00
04/09/2022,Pulltab,219375.00
04/09/2022,Instaplay,425843.00
04/16/2022,Lotto,2020751.50
04/16/2022,Instant,5120862.00
04/16/2022,Pulltab,283365.00
04/16/2022,Instaplay,404855.00
04/23/2022,Lotto,2295636.50
04/23/2022,Instant,5950480.00
04/23/2022,Pulltab,246510.00
04/23/2022,Instaplay,418198.00
04/30/2022,Lotto,2377364.00
04/30/2022,Instant,6641933.00
04/30/2022,Pulltab,254745.00
04/30/2022,Instaplay,432292.00
05/07/2022,Lotto,1597696.00
05/07/2022,Instant,5285070.00
05/07/2022,Pulltab,193995.00
05/07/2022,Instaplay,459454.00
05/14/2022,Lotto,1596063.00
05/14/2022,Instant,5212415.00
05/14/2022,Pulltab,288360.00
05/14/2022,Instaplay,409018.00
05/21/2022,Lotto,1692765.00
05/21/2022,Instant,6107534.00
05/21/2022,Pulltab,243810.00
05/21/2022,Instaplay,456802.00
05/28/2022,Lotto,1705712.50
05/28/2022,Instant,5742446.00
05/28/2022,Pulltab,247812.02
05/28/2022,Instaplay,388749.00
06/04/2022,Lotto,1750602.50
06/04/2022,Instant,5141601.00
06/04/2022,Pulltab,205335.00
06/04/2022,Instaplay,372374.00
06/11/2022,Lotto,1866879.50
06/11/2022,Instant,4554226.00
06/11/2022,Pulltab,211410.00
06/11/2022,Instaplay,377257.00
06/18/2022,Lotto,1913587.00
06/18/2022,Instant,5587381.00
06/18/2022,Pulltab,248224.50
06/18/2022,Instaplay,415820.00
06/25/2022,Lotto,2097301.50
06/25/2022,Instant,4648707.00
06/25/2022,Pulltab,243810.00
06/25/2022,Instaplay,530249.00
07/02/2022,Lotto,2167950.50
07/02/2022,Instant,5361384.00
07/02/2022,Pulltab,270337.01
07/02/2022,Instaplay,763393.00
07/04/2015,Lotto,1477969.00
07/04/2015,Instant,3829822.00
07/04/2015,Pulltab,278080.00
07/11/2015,Lotto,1459132.00
07/11/2015,Instant,3425039.00
07/11/2015,Pulltab,292275.00
07/18/2015,Lotto,1515182.00
07/18/2015,Instant,3963434.00
07/18/2015,Pulltab,313403.00
07/25/2015,Lotto,1454695.00
07/25/2015,Instant,3792073.00
07/25/2015,Pulltab,273735.00
08/01/2015,Lotto,1495088.00
08/01/2015,Instant,4632792.00
08/01/2015,Pulltab,302424.00
08/08/2015,Lotto,1341382.00
08/08/2015,Instant,3723244.00
08/08/2015,Pulltab,294949.00
08/15/2015,Lotto,1373318.00
08/15/2015,Instant,3718460.00
08/15/2015,Pulltab,292774.00
08/22/2015,Lotto,1434752.00
08/22/2015,Instant,4366377.00
08/22/2015,Pulltab,257985.00
08/29/2015,Lotto,1581316.00
08/29/2015,Instant,4539153.00
08/29/2015,Pulltab,284713.00
09/05/2015,Lotto,1683879.00
09/05/2015,Instant,3586720.00
09/05/2015,Pulltab,278674.00
09/12/2015,Lotto,1716200.00
09/12/2015,Instant,3588554.00
09/12/2015,Pulltab,286793.00
09/19/2015,Lotto,1849677.00
09/19/2015,Instant,4106904.00
09/19/2015,Pulltab,325181.00
09/26/2015,Lotto,2294686.00
09/26/2015,Instant,4159617.00
09/26/2015,Pulltab,287678.00
10/03/2015,Lotto,2238026.00
10/03/2015,Instant,3577988.00
10/03/2015,Pulltab,311348.00
10/10/2015,Lotto,1515361.00
10/10/2015,Instant,3597425.00
10/10/2015,Pulltab,209925.00
10/17/2015,Lotto,1500783.00
10/17/2015,Instant,3578335.00
10/17/2015,Pulltab,324125.00
10/24/2015,Lotto,1607188.00
10/24/2015,Instant,3128323.00
10/24/2015,Pulltab,301995.00
10/31/2015,Lotto,1720775.00
10/31/2015,Instant,6108749.00
10/31/2015,Pulltab,283343.00
11/07/2015,Lotto,1726503.00
11/07/2015,Instant,3706103.00
11/07/2015,Pulltab,299474.00
11/14/2015,Lotto,1704357.00
11/14/2015,Instant,3794390.00
11/14/2015,Pulltab,204657.00
11/21/2015,Lotto,1379226.00
11/21/2015,Instant,5515307.00
11/21/2015,Pulltab,418082.00
11/28/2015,Lotto,1452975.00
11/28/2015,Instant,4135206.00
11/28/2015,Pulltab,148990.00
12/05/2015,Lotto,1630160.00
12/05/2015,Instant,3968194.00
12/05/2015,Pulltab,357047.00
12/12/2015,Lotto,1787604.00
12/12/2015,Instant,4271919.00
12/12/2015,Pulltab,286200.00
12/19/2015,Lotto,2057617.00
12/19/2015,Instant,4674324.00
12/19/2015,Pulltab,442171.00
12/26/2015,Lotto,2220301.00
12/26/2015,Instant,4162777.00
12/26/2015,Pulltab,224775.00
01/02/2016,Lotto,2984907.00
01/02/2016,Instant,4558270.00
01/02/2016,Pulltab,203175.00
01/09/2016,Lotto,13662338.00
01/09/2016,Instant,5527055.00
01/09/2016,Pulltab,263158.00
01/16/2016,Lotto,13394979.00
01/16/2016,Instant,3402833.00
01/16/2016,Pulltab,376686.00
01/23/2016,Lotto,1629886.00
01/23/2016,Instant,3527190.00
01/23/2016,Pulltab,264299.00
01/30/2016,Lotto,1742314.00
01/30/2016,Instant,6851486.00
01/30/2016,Pulltab,312917.00
02/06/2016,Lotto,1748604.00
02/06/2016,Instant,4365079.00
02/06/2016,Pulltab,209520.00
02/13/2016,Lotto,1798891.00
02/13/2016,Instant,4302894.00
02/13/2016,Pulltab,312552.00
02/20/2016,Lotto,1928938.00
02/20/2016,Instant,6111020.00
02/20/2016,Pulltab,282150.00
02/27/2016,Lotto,2187791.00
02/27/2016,Instant,5089975.00
02/27/2016,Pulltab,291690.00
03/05/2016,Lotto,2020541.00
03/05/2016,Instant,4443948.00
03/05/2016,Pulltab,309993.00
03/12/2016,Lotto,1622014.00
03/12/2016,Instant,4758833.00
03/12/2016,Pulltab,276376.00
03/19/2016,Lotto,1513968.00
03/19/2016,Instant,5213724.00
03/19/2016,Pulltab,342569.00
03/26/2016,Lotto,1576110.00
03/26/2016,Instant,4808020.00
03/26/2016,Pulltab,309747.00
04/02/2016,Lotto,1683791.00
04/02/2016,Instant,5898701.00
04/02/2016,Pulltab,280022.00
04/09/2016,Lotto,1727587.00
04/09/2016,Instant,5228010.00
04/09/2016,Pulltab,324540.00
04/16/2016,Lotto,1820971.00
04/16/2016,Instant,4828741.00
04/16/2016,Pulltab,301804.00
04/23/2016,Lotto,1981894.00
04/23/2016,Instant,5152015.00
04/23/2016,Pulltab,262450.00
04/30/2016,Lotto,2327079.00
04/30/2016,Instant,5391984.00
04/30/2016,Pulltab,309111.00
05/07/2016,Lotto,3812791.00
05/07/2016,Instant,4592006.00
05/07/2016,Pulltab,249310.00
05/14/2016,Lotto,1625748.00
05/14/2016,Instant,4337075.00
05/14/2016,Pulltab,341757.00
05/21/2016,Lotto,1640075.00
05/21/2016,Instant,4915916.00
05/21/2016,Pulltab,183774.00
05/28/2016,Lotto,1733616.00
05/28/2016,Instant,5455357.00
05/28/2016,Pulltab,368810.00
06/04/2016,Lotto,1789199.00
06/04/2016,Instant,4415300.00
06/04/2016,Pulltab,224910.00
06/11/2016,Lotto,1906030.00
06/11/2016,Instant,3872532.00
06/11/2016,Pulltab,263706.00
06/18/2016,Lotto,2076818.00
06/18/2016,Instant,4888398.00
06/18/2016,Pulltab,315444.00
06/25/2016,Lotto,2305548.00
06/25/2016,Instant,3775646.00
06/25/2016,Pulltab,248576.00
07/02/2016,Lotto,2814339.00
07/02/2016,Instant,4576079.00
07/02/2016,Pulltab,237923.00
07/09/2016,Lotto,3767113.00
07/09/2016,Instant,3830380.00
07/09/2016,Pulltab,207528.29
07/16/2016,Lotto,2329689.50
07/16/2016,Instant,3782621.00
07/16/2016,Pulltab,298787.79
07/23/2016,Lotto,2559527.50
07/23/2016,Instant,5287869.00
07/23/2016,Pulltab,267882.75
07/30/2016,Lotto,3765093.00
07/30/2016,Instant,3657109.00
07/30/2016,Pulltab,237972.02
08/06/2016,Lotto,1548072.00
08/06/2016,Instant,3651828.00
08/06/2016,Pulltab,270810.00
08/13/2016,Lotto,1544742.00
08/13/2016,Instant,4666329.00
08/13/2016,Pulltab,279180.00
08/20/2016,Lotto,1608578.50
08/20/2016,Instant,3758792.00
08/20/2016,Pulltab,273780.00
08/27/2016,Lotto,1652252.00
08/27/2016,Instant,4563789.00
08/27/2016,Pulltab,257630.52
09/03/2016,Lotto,1721695.00
09/03/2016,Instant,3673689.00
09/03/2016,Pulltab,207170.22
09/10/2016,Lotto,1818789.50
09/10/2016,Instant,3838832.00
09/10/2016,Pulltab,246837.52
09/17/2016,Lotto,1993175.00
09/17/2016,Instant,4331167.00
09/17/2016,Pulltab,277497.67
09/24/2016,Lotto,1431017.00
09/24/2016,Instant,4747945.00
09/24/2016,Pulltab,248035.96
10/01/2016,Lotto,1448499.00
10/01/2016,Instant,3616434.00
10/01/2016,Pulltab,249936.11
10/08/2016,Lotto,1513749.00
10/08/2016,Instant,3552626.00
10/08/2016,Pulltab,235244.99
10/15/2016,Lotto,1557526.00
10/15/2016,Instant,4054955.00
10/15/2016,Pulltab,269510.02
10/22/2016,Lotto,1593323.00
10/22/2016,Instant,3343044.00
10/22/2016,Pulltab,255430.81
10/29/2016,Lotto,1648841.50
10/29/2016,Instant,6127547.00
10/29/2016,Pulltab,271630.76
11/05/2016,Lotto,1788943.00
11/05/2016,Instant,3908234.00
11/05/2016,Pulltab,197650.76
11/12/2016,Lotto,1871345.00
11/12/2016,Instant,4070637.00
11/12/2016,Pulltab,261047.73
11/19/2016,Lotto,2083599.50
11/19/2016,Instant,5587935.00
11/19/2016,Pulltab,279380.52
11/19/2016,Instaplay,200251.00
11/26/2016,Lotto,2626384.00
11/26/2016,Instant,4357731.00
11/26/2016,Pulltab,163215.00
11/26/2016,Instaplay,197100.00
12/03/2016,Lotto,1426890.50
12/03/2016,Instant,4210398.00
12/03/2016,Pulltab,247518.23
12/03/2016,Instaplay,193273.00
12/10/2016,Lotto,1431314.50
12/10/2016,Instant,4365170.00
12/10/2016,Pulltab,239824.25
12/10/2016,Instaplay,238268.00
12/17/2016,Lotto,1480043.50
12/17/2016,Instant,4590496.00
12/17/2016,Pulltab,212760.00
12/17/2016,Instaplay,161120.00
12/24/2016,Lotto,1505907.50
12/24/2016,Instant,4450904.00
12/24/2016,Pulltab,251257.99
12/24/2016,Instaplay,192435.00
12/31/2016,Lotto,1495707.50
12/31/2016,Instant,4563702.00
12/31/2016,Pulltab,186165.00
12/31/2016,Instaplay,230591.00
01/07/2017,Lotto,1495992.00
01/07/2017,Instant,5111640.00
01/07/2017,Pulltab,142445.71
01/07/2017,Instaplay,162284.00
01/14/2017,Lotto,1678036.00
01/14/2017,Instant,3603454.00
01/14/2017,Pulltab,314460.51
01/14/2017,Instaplay,222429.00
01/21/2017,Lotto,1652888.50
01/21/2017,Instant,3918679.00
01/21/2017,Pulltab,168980.01
01/21/2017,Instaplay,176908.00
01/28/2017,Lotto,1717363.50
01/28/2017,Instant,6432845.00
01/28/2017,Pulltab,237558.29
01/28/2017,Instaplay,149673.00
02/04/2017,Lotto,1807592.00
02/04/2017,Instant,4310531.00
02/04/2017,Pulltab,221795.01
02/04/2017,Instaplay,162869.00
02/11/2017,Lotto,2045303.00
02/11/2017,Instant,4248581.00
02/11/2017,Pulltab,185016.29
02/11/2017,Instaplay,304403.00
02/18/2017,Lotto,2460670.50
02/18/2017,Instant,5755222.00
02/18/2017,Pulltab,143404.25
02/18/2017,Instaplay,151939.00
02/25/2017,Lotto,2694845.50
02/25/2017,Instant,4392579.00
02/25/2017,Pulltab,110804.63
02/25/2017,Instaplay,166466.00
03/04/2017,Lotto,1576320.50
03/04/2017,Instant,5096278.00
03/04/2017,Pulltab,128711.00
03/04/2017,Instaplay,155111.00
03/11/2017,Lotto,1650147.50
03/11/2017,Instant,4628458.00
03/11/2017,Pulltab,113620.40
03/11/2017,Instaplay,137963.00
03/18/2017,Lotto,1722471.50
03/18/2017,Instant,4562378.00
03/18/2017,Pulltab,209617.17
03/18/2017,Instaplay,140674.00
03/25/2017,Lotto,1681257.50
03/25/2017,Instant,5466455.00
03/25/2017,Pulltab,178096.87
03/25/2017,Instaplay,238647.00
04/01/2017,Lotto,1602762.50
04/01/2017,Instant,6074375.00
04/01/2017,Pulltab,185509.48
04/01/2017,Instaplay,162226.00
04/08/2017,Lotto,1438372.50
04/08/2017,Instant,4996305.00
04/08/2017,Pulltab,183084.53
04/08/2017,Instaplay,172057.00
04/15/2017,Lotto,1458838.00
04/15/2017,Instant,4677052.00
04/15/2017,Pulltab,198180.00
04/15/2017,Instaplay,184298.00
04/22/2017,Lotto,1503131.50
04/22/2017,Instant,5315534.00
04/22/2017,Pulltab,218430.00
04/22/2017,Instaplay,157504.00
04/29/2017,Lotto,1606327.00
04/29/2017,Instant,5342079.00
04/29/2017,Pulltab,185535.01
04/29/2017,Instaplay,184754.00
05/06/2017,Lotto,1647967.00
05/06/2017,Instant,4769078.00
05/06/2017,Pulltab,225841.77
05/06/2017,Instaplay,165280.00
05/13/2017,Lotto,1667210.00
05/13/2017,Instant,4432218.00
05/13/2017,Pulltab,119205.00
05/13/2017,Instaplay,166734.00
05/20/2017,Lotto,1844312.00
05/20/2017,Instant,5158513.00
05/20/2017,Pulltab,270252.27
05/20/2017,Instaplay,213311.00
05/27/2017,Lotto,2121202.00
05/27/2017,Instant,5564933.00
05/27/2017,Pulltab,197910.00
05/27/2017,Instaplay,257768.00
06/03/2017,Lotto,2342389.50
06/03/2017,Instant,4313839.00
06/03/2017,Pulltab,170235.00
06/03/2017,Instaplay,201611.00
06/10/2017,Lotto,3419128.50
06/10/2017,Instant,4442695.00
06/10/2017,Pulltab,187640.02
06/10/2017,Instaplay,117738.00
06/17/2017,Lotto,1488939.50
06/17/2017,Instant,4957928.00
06/17/2017,Pulltab,197351.78
06/17/2017,Instaplay,117227.00
06/24/2017,Lotto,1541703.50
06/24/2017,Instant,4233615.00
06/24/2017,Pulltab,168210.00
06/24/2017,Instaplay,142607.00
07/01/2017,Lotto,1648584.00
07/01/2017,Instant,4693854.00
07/01/2017,Pulltab,218908.52
07/01/2017,Instaplay,183099.00
07/08/2017,Lotto,1654019.50
07/08/2017,Instant,4069050.00
07/08/2017,Pulltab,113615.00
07/08/2017,Instaplay,250246.00
07/15/2017,Lotto,1754410.00
07/15/2017,Instant,3839843.00
07/15/2017,Pulltab,231171.84
07/15/2017,Instaplay,183386.00
07/22/2017,Lotto,1826460.00
07/22/2017,Instant,4906122.00
07/22/2017,Pulltab,196622.75
07/22/2017,Instaplay,169015.00
07/29/2017,Lotto,1969502.00
07/29/2017,Instant,4584827.00
07/29/2017,Pulltab,184275.00
07/29/2017,Instaplay,188249.00
08/05/2017,Lotto,2393899.00
08/05/2017,Instant,4006847.00
08/05/2017,Pulltab,235669.50
08/05/2017,Instaplay,197000.00
08/12/2017,Lotto,3621314.00
08/12/2017,Instant,3989847.00
08/12/2017,Pulltab,187509.51
08/12/2017,Instaplay,154637.00
08/19/2017,Lotto,5109061.50
08/19/2017,Instant,4433239.00
08/19/2017,Pulltab,193185.00
08/19/2017,Instaplay,172755.00
08/26/2017,Lotto,5920655.50
08/26/2017,Instant,3927531.00
08/26/2017,Pulltab,243031.51
08/26/2017,Instaplay,170588.00
09/02/2017,Lotto,1507875.50
09/02/2017,Instant,4508027.00
09/02/2017,Pulltab,159535.31
09/02/2017,Instaplay,171103.00
09/09/2017,Lotto,1557544.00
09/09/2017,Instant,3963157.00
09/09/2017,Pulltab,187245.00
09/09/2017,Instaplay,125973.00
09/16/2017,Lotto,1621515.50
09/16/2017,Instant,3866873.00
09/16/2017,Pulltab,187515.00
09/16/2017,Instaplay,145074.00
09/23/2017,Lotto,1496364.00
09/23/2017,Instant,5697883.00
09/23/2017,Pulltab,166185.00
09/23/2017,Instaplay,181569.00
09/30/2017,Lotto,1441213.00
09/30/2017,Instant,3801911.00
09/30/2017,Pulltab,201276.51
09/30/2017,Instaplay,240057.00
10/07/2017,Lotto,1521433.00
10/07/2017,Instant,3792936.00
10/07/2017,Pulltab,136110.98
10/07/2017,Instaplay,195641.00
10/14/2017,Lotto,1585506.50
10/14/2017,Instant,4163803.00
10/14/2017,Pulltab,206415.00
10/14/2017,Instaplay,154714.00
10/21/2017,Lotto,1593325.50
10/21/2017,Instant,3317275.00
10/21/2017,Pulltab,199260.00
10/21/2017,Instaplay,153840.00
10/28/2017,Lotto,1512121.50
10/28/2017,Instant,6222258.00
10/28/2017,Pulltab,166590.00
10/28/2017,Instaplay,163701.00
11/04/2017,Lotto,1369401.50
11/04/2017,Instant,4056632.00
11/04/2017,Pulltab,240705.00
11/04/2017,Instaplay,176000.00
11/11/2017,Lotto,1390317.00
11/11/2017,Instant,4138593.00
11/11/2017,Pulltab,162984.00
11/11/2017,Instaplay,179121.00
11/18/2017,Lotto,1549074.50
11/18/2017,Instant,5601800.00
11/18/2017,Pulltab,240570.00
11/18/2017,Instaplay,157010.00
11/25/2017,Lotto,1538469.00
11/25/2017,Instant,3905830.00
11/25/2017,Pulltab,120186.96
11/25/2017,Instaplay,136076.00
12/02/2017,Lotto,1655823.50
12/02/2017,Instant,4673189.00
12/02/2017,Pulltab,224837.28
12/02/2017,Instaplay,169114.00
12/09/2017,Lotto,1732127.50
12/09/2017,Instant,4554290.00
12/09/2017,Pulltab,194163.25
12/09/2017,Instaplay,194275.00
12/16/2017,Lotto,2027417.50
12/16/2017,Instant,4382312.00
12/16/2017,Pulltab,168210.00
12/16/2017,Instaplay,191944.00
12/23/2017,Lotto,2668041.50
12/23/2017,Instant,5437033.00
12/23/2017,Pulltab,291735.00
12/23/2017,Instaplay,248452.00
12/30/2017,Lotto,2989821.00
12/30/2017,Instant,4589358.00
12/30/2017,Pulltab,150149.78
12/30/2017,Instaplay,294266.00
01/06/2018,Lotto,5807381.00
01/06/2018,Instant,5252078.00
01/06/2018,Pulltab,114075.00
01/06/2018,Instaplay,206124.00
01/13/2018,Lotto,1448613.50
01/13/2018,Instant,4041543.00
01/13/2018,Pulltab,229280.00
01/13/2018,Instaplay,133826.00
01/20/2018,Lotto,1477223.00
01/20/2018,Instant,3976313.00
01/20/2018,Pulltab,177271.00
01/20/2018,Instaplay,126982.00
01/27/2018,Lotto,1544631.50
01/27/2018,Instant,6558756.00
01/27/2018,Pulltab,185895.00
01/27/2018,Instaplay,141610.00
02/03/2018,Lotto,1677418.50
02/03/2018,Instant,4687578.00
02/03/2018,Pulltab,188572.29
02/03/2018,Instaplay,176403.00
02/10/2018,Lotto,1609902.00
02/10/2018,Instant,4417931.00
02/10/2018,Pulltab,174825.00
02/10/2018,Instaplay,170148.00
02/17/2018,Lotto,1780597.50
02/17/2018,Instant,5671052.00
02/17/2018,Pulltab,184410.00
02/17/2018,Instaplay,200808.00
02/24/2018,Lotto,1825431.50
02/24/2018,Instant,4484306.00
02/24/2018,Pulltab,214380.00
02/24/2018,Instaplay,246268.00
03/03/2018,Lotto,2301148.50
03/03/2018,Instant,5128607.00
03/03/2018,Pulltab,185085.00
03/03/2018,Instaplay,203658.00
03/10/2018,Lotto,2361575.00
03/10/2018,Instant,4904437.00
03/10/2018,Pulltab,188190.00
03/10/2018,Instaplay,138223.00
03/17/2018,Lotto,3036842.00
03/17/2018,Instant,4885355.00
03/17/2018,Pulltab,259740.00
03/17/2018,Instaplay,133764.00
03/24/2018,Lotto,2008197.00
03/24/2018,Instant,5723366.00
03/24/2018,Pulltab,219240.00
03/24/2018,Instaplay,136557.00
03/31/2018,Lotto,2797064.00
03/31/2018,Instant,6376961.00
03/31/2018,Pulltab,187976.75
03/31/2018,Instaplay,146623.00
04/07/2018,Lotto,1495246.00
04/07/2018,Instant,5491541.00
04/07/2018,Pulltab,176451.75
04/07/2018,Instaplay,173166.00
04/14/2018,Lotto,1554867.00
04/14/2018,Instant,4969467.00
04/14/2018,Pulltab,177255.00
04/14/2018,Instaplay,214257.00
04/21/2018,Lotto,1627622.00
04/21/2018,Instant,5347278.00
04/21/2018,Pulltab,630855.00
04/21/2018,Instaplay,266984.00
04/28/2018,Lotto,1658653.50
04/28/2018,Instant,5543294.00
04/28/2018,Pulltab,270416.02
04/28/2018,Instaplay,307326.00
05/05/2018,Lotto,2079836.50
05/05/2018,Instant,5167980.00
05/05/2018,Pulltab,287145.00
05/05/2018,Instaplay,166469.00
05/12/2018,Lotto,1915745.50
05/12/2018,Instant,4588997.00
05/12/2018,Pulltab,211950.00
05/12/2018,Instaplay,140317.00
05/19/2018,Lotto,1924006.00
05/19/2018,Instant,4942194.00
05/19/2018,Pulltab,267300.00
05/19/2018,Instaplay,201493.00
05/26/2018,Lotto,1612944.50
05/26/2018,Instant,4459901.00
05/26/2018,Pulltab,280502.80
05/26/2018,Instaplay,213023.00
06/02/2018,Lotto,1425287.00
06/02/2018,Instant,4873618.00
06/02/2018,Pulltab,189090.50
06/02/2018,Instaplay,205195.00
06/09/2018,Lotto,1522426.50
06/09/2018,Instant,4287919.00
06/09/2018,Pulltab,184626.00
06/09/2018,Instaplay,187643.00
06/16/2018,Lotto,1595771.00
06/16/2018,Instant,4301203.00
06/16/2018,Pulltab,289035.00
06/16/2018,Instaplay,202110.00
06/23/2018,Lotto,1559303.50
06/23/2018,Instant,4563353.00
06/23/2018,Pulltab,221491.52
06/23/2018,Instaplay,251403.00
06/30/2018,Lotto,1550223.50
06/30/2018,Instant,4791427.00
06/30/2018,Pulltab,233550.00
06/30/2018,Instaplay,301122.00
09/01/2018,Instaplay,204317.00
07/14/2018,Pulltab,272700.00
09/29/2018,Lotto,1930175.50
09/08/2018,Pulltab,122310.00
08/18/2018,Pulltab,276480.00
07/14/2018,Instant,3733454.00
07/07/2018,Lotto,1626105.50
07/28/2018,Instaplay,524578.00
09/22/2018,Pulltab,240245.99
08/04/2018,Pulltab,223425.00
09/29/2018,Instaplay,191310.00
07/28/2018,Pulltab,186975.00
09/22/2018,Instant,4572766.00
08/18/2018,Instant,4555086.00
09/08/2018,Instaplay,184102.00
08/04/2018,Lotto,1625227.50
08/25/2018,Lotto,1449684.00
08/11/2018,Lotto,1714024.50
09/22/2018,Lotto,1724786.00
09/29/2018,Instant,4631593.00
08/25/2018,Instaplay,201240.00
07/21/2018,Pulltab,241110.00
08/18/2018,Lotto,1402474.00
08/18/2018,Instaplay,191115.00
08/25/2018,Instant,3889064.00
07/21/2018,Instant,4854769.00
07/21/2018,Lotto,2208987.50
07/21/2018,Instaplay,561137.00
08/11/2018,Instaplay,209087.00
07/28/2018,Lotto,2255217.00
08/04/2018,Instaplay,204262.00
09/01/2018,Pulltab,202962.79
09/15/2018,Instaplay,165418.00
09/15/2018,Lotto,1654939.00
09/22/2018,Instaplay,180067.00
07/07/2018,Instant,3980021.00
07/07/2018,Pulltab,146453.54
07/07/2018,Instaplay,358619.00
09/08/2018,Lotto,1554872.00
07/14/2018,Lotto,1819357.00
08/25/2018,Pulltab,199111.96
09/01/2018,Lotto,1497395.00
09/01/2018,Instant,4875780.00
09/08/2018,Instant,4185147.00
09/15/2018,Instant,3984678.00
07/14/2018,Instaplay,476476.00
08/04/2018,Instant,3905609.00
08/11/2018,Pulltab,173670.79
09/15/2018,Pulltab,221305.03
07/28/2018,Instant,4495863.00
08/11/2018,Instant,4013184.00
09/29/2018,Pulltab,222210.00
10/06/2018,Lotto,2345259.00
10/06/2018,Instant,3874390.00
10/06/2018,Pulltab,145549.99
10/06/2018,Instaplay,203760.00
10/13/2018,Lotto,3135227.00
10/13/2018,Instant,3681804.00
10/13/2018,Pulltab,245658.24
10/13/2018,Instaplay,164685.00
10/20/2018,Lotto,9605795.00
10/20/2018,Instant,4346330.00
10/20/2018,Pulltab,136080.00
10/20/2018,Instaplay,177942.00
10/27/2018,Lotto,10020670.50
10/27/2018,Instant,6664058.00
10/27/2018,Pulltab,246240.00
10/27/2018,Instaplay,190244.00
11/03/2018,Lotto,1556820.50
11/03/2018,Instant,4671462.00
11/03/2018,Pulltab,212130.97
11/03/2018,Instaplay,233344.00
11/10/2018,Lotto,1537999.00
11/10/2018,Instant,4113183.00
11/10/2018,Pulltab,207448.84
11/10/2018,Instaplay,240656.00
11/17/2018,Lotto,1591478.00
11/17/2018,Instant,5823140.00
11/17/2018,Pulltab,197165.52
11/17/2018,Instaplay,217127.00
11/24/2018,Lotto,1640018.00
11/24/2018,Instant,4223644.00
11/24/2018,Pulltab,172935.00
11/24/2018,Instaplay,148147.00
12/01/2018,Lotto,1606769.00
12/01/2018,Instant,4805736.00
12/01/2018,Pulltab,251181.74
12/01/2018,Instaplay,159800.00
12/08/2018,Lotto,1763530.00
12/08/2018,Instant,4394024.00
12/08/2018,Pulltab,181710.00
12/08/2018,Instaplay,180233.00
12/15/2018,Lotto,1808427.00
12/15/2018,Instant,4570477.00
12/15/2018,Pulltab,231390.00
12/15/2018,Instaplay,222930.00
12/22/2018,Lotto,1972128.00
12/22/2018,Instant,5408913.00
12/22/2018,Pulltab,254070.00
12/22/2018,Instaplay,287431.00
12/29/2018,Lotto,2250440.50
12/29/2018,Instant,5291834.00
12/29/2018,Pulltab,159840.00
12/29/2018,Instaplay,174995.00
01/05/2019,Lotto,1978473.50
01/05/2019,Instant,6203578.00
01/05/2019,Pulltab,171315.00
01/05/2019,Instaplay,191999.00
01/12/2019,Lotto,1473028.00
01/12/2019,Instant,5028103.00
01/12/2019,Pulltab,242910.77
01/12/2019,Instaplay,163783.00
01/19/2019,Lotto,1570658.00
01/19/2019,Instant,4594171.00
01/19/2019,Pulltab,250290.00
01/19/2019,Instaplay,193319.00
01/26/2019,Lotto,1482686.00
01/26/2019,Instant,6677042.00
01/26/2019,Pulltab,153225.00
01/26/2019,Instaplay,174775.00
02/02/2019,Lotto,1555236.50
02/02/2019,Instant,4679379.00
02/02/2019,Pulltab,196652.76
02/02/2019,Instaplay,184839.00
02/09/2019,Lotto,1685173.50
02/09/2019,Instant,4772644.00
02/09/2019,Pulltab,193987.04
02/09/2019,Instaplay,178364.00
02/16/2019,Lotto,1760489.00
02/16/2019,Instant,4445783.00
02/16/2019,Pulltab,187515.00
02/16/2019,Instaplay,177606.00
02/23/2019,Lotto,2042955.00
02/23/2019,Instant,6345503.00
02/23/2019,Pulltab,151196.29
02/23/2019,Instaplay,191073.00
03/02/2019,Lotto,2353258.00
03/02/2019,Instant,5061614.00
03/02/2019,Pulltab,214013.30
03/02/2019,Instaplay,213088.00
03/09/2019,Lotto,2567481.00
03/09/2019,Instant,4455383.00
03/09/2019,Pulltab,194265.00
03/09/2019,Instaplay,240319.00
03/16/2019,Lotto,2813382.00
03/16/2019,Instant,4654987.00
03/16/2019,Pulltab,223425.00
03/16/2019,Instaplay,291272.00
03/23/2019,Lotto,4397912.00
03/23/2019,Instant,5344569.00
03/23/2019,Pulltab,234630.00
03/23/2019,Instaplay,342770.00
03/30/2019,Lotto,4072143.00
03/30/2019,Instant,5691911.00
03/30/2019,Pulltab,213776.54
03/30/2019,Instaplay,425855.00
04/06/2019,Lotto,1646194.00
04/06/2019,Instant,4916814.00
04/06/2019,Pulltab,182758.28
04/06/2019,Instaplay,209711.00
04/13/2019,Lotto,1690303.50
04/13/2019,Instant,4780593.00
04/13/2019,Pulltab,233799.99
04/13/2019,Instaplay,183266.00
04/20/2019,Lotto,1768439.00
04/20/2019,Instant,5516512.00
04/20/2019,Pulltab,228758.76
04/20/2019,Instaplay,196386.00
04/27/2019,Lotto,1827351.50
04/27/2019,Instant,5412681.00
04/27/2019,Pulltab,148479.78
04/27/2019,Instaplay,212450.00
05/04/2019,Lotto,1929148.50
05/04/2019,Instant,4951127.00
05/04/2019,Pulltab,301160.75
05/04/2019,Instaplay,251414.00
05/11/2019,Lotto,1996942.50
05/11/2019,Instant,4973776.00
05/11/2019,Pulltab,209879.01
05/11/2019,Instaplay,229758.00
05/18/2019,Lotto,2036204.50
05/18/2019,Instant,4896093.00
05/18/2019,Pulltab,165076.50
05/18/2019,Instaplay,228708.00
05/25/2019,Lotto,2211734.50
05/25/2019,Instant,4627234.00
05/25/2019,Pulltab,281070.00
05/25/2019,Instaplay,262486.00
06/01/2019,Lotto,2502555.50
06/01/2019,Instant,5692445.00
06/01/2019,Pulltab,194265.00
06/01/2019,Instaplay,226785.00
06/08/2019,Lotto,2282018.50
06/08/2019,Instant,4297226.00
06/08/2019,Pulltab,157429.02
06/08/2019,Instaplay,151185.00
06/15/2019,Lotto,1592452.50
06/15/2019,Instant,4574012.00
06/15/2019,Pulltab,341539.02
06/15/2019,Instaplay,153819.00
06/22/2019,Lotto,1594896.00
06/22/2019,Instant,5005646.00
06/22/2019,Pulltab,190409.25
06/22/2019,Instaplay,172464.00
06/29/2019,Lotto,1577651.00
06/29/2019,Instant,5140151.00
06/29/2019,Pulltab,245605.74
06/29/2019,Instaplay,175558.00
07/06/2019,Lotto,1609766.00
07/06/2019,Instant,4069551.00
07/06/2019,Pulltab,159165.00
07/06/2019,Instaplay,179912.00
07/13/2019,Lotto,1648167.00
07/13/2019,Instant,3859680.00
07/13/2019,Pulltab,231795.00
07/13/2019,Instaplay,162359.00
07/20/2019,Lotto,1466288.00
07/20/2019,Instant,4806740.00
07/20/2019,Pulltab,231390.00
07/20/2019,Instaplay,172336.00
07/27/2019,Lotto,1445207.50
07/27/2019,Instant,4547086.00
07/27/2019,Pulltab,204390.00
07/27/2019,Instaplay,185111.00
08/03/2019,Lotto,1459508.50
08/03/2019,Instant,4270312.00
08/03/2019,Pulltab,231024.50
08/03/2019,Instaplay,227326.00
08/10/2019,Lotto,1501154.00
08/10/2019,Instant,4228897.00
08/10/2019,Pulltab,229365.00
08/10/2019,Instaplay,179553.00
08/17/2019,Lotto,1508234.00
08/17/2019,Instant,4809896.00
08/17/2019,Pulltab,208755.74
08/17/2019,Instaplay,176651.00
08/24/2019,Lotto,1381483.50
08/24/2019,Instant,3871575.00
08/24/2019,Pulltab,203715.00
08/24/2019,Instaplay,192327.00
08/31/2019,Lotto,1461539.50
08/31/2019,Instant,4891248.00
08/31/2019,Pulltab,236385.00
08/31/2019,Instaplay,176285.00
09/07/2019,Lotto,1450451.00
09/07/2019,Instant,4460910.00
09/07/2019,Pulltab,156887.48
09/07/2019,Instaplay,169243.00
09/14/2019,Lotto,1514006.00
09/14/2019,Instant,3859907.00
09/14/2019,Pulltab,213336.00
09/14/2019,Instaplay,185260.00
09/21/2019,Lotto,1565585.00
09/21/2019,Instant,4735503.00
09/21/2019,Pulltab,248805.00
09/21/2019,Instaplay,208072.00
09/28/2019,Lotto,1451809.50
09/28/2019,Instant,4679027.00
09/28/2019,Pulltab,207711.30
09/28/2019,Instaplay,251799.00
10/05/2019,Lotto,1384094.00
10/05/2019,Instant,3726941.00
10/05/2019,Pulltab,131919.57
10/05/2019,Instaplay,302257.00
10/12/2019,Lotto,1403428.00
10/12/2019,Instant,3510804.00
10/12/2019,Pulltab,259058.95
10/12/2019,Instaplay,224366.00
10/19/2019,Lotto,1480877.00
10/19/2019,Instant,4271198.00
10/19/2019,Pulltab,212464.49
10/19/2019,Instaplay,200442.00
10/26/2019,Lotto,1493895.00
10/26/2019,Instant,6449932.00
10/26/2019,Pulltab,182925.00
10/26/2019,Instaplay,196149.00
11/02/2019,Lotto,1541289.50
11/02/2019,Instant,4288913.00
11/02/2019,Pulltab,225720.00
11/02/2019,Instaplay,220677.00
11/09/2019,Lotto,1446298.50
11/09/2019,Instant,4195608.00
11/09/2019,Pulltab,208634.02
11/09/2019,Instaplay,214256.00
11/16/2019,Lotto,1438693.50
11/16/2019,Instant,5615989.00
11/16/2019,Pulltab,198315.00
11/16/2019,Instaplay,209313.00
11/23/2019,Lotto,1563686.00
11/23/2019,Instant,4347218.00
11/23/2019,Pulltab,242996.52
11/23/2019,Instaplay,273559.00
11/30/2019,Lotto,1616971.00
11/30/2019,Instant,4781082.00
11/30/2019,Pulltab,119340.00
11/30/2019,Instaplay,308372.00
12/07/2019,Lotto,1799114.50
12/07/2019,Instant,4177253.00
12/07/2019,Pulltab,233921.02
12/07/2019,Instaplay,501247.00
12/14/2019,Lotto,2000914.00
12/14/2019,Instant,4770840.00
12/14/2019,Pulltab,249075.00
12/14/2019,Instaplay,489568.00
12/21/2019,Lotto,1848578.00
12/21/2019,Instant,5409569.00
12/21/2019,Pulltab,272688.08
12/21/2019,Instaplay,191070.00
12/28/2019,Lotto,1691449.50
12/28/2019,Instant,4716328.00
12/28/2019,Pulltab,152685.00
12/28/2019,Instaplay,193791.00
01/04/2020,Lotto,1771895.50
01/04/2020,Instant,5191252.00
01/04/2020,Pulltab,218565.00
01/04/2020,Instaplay,213089.00
01/11/2020,Lotto,1811914.00
01/11/2020,Instant,5931871.00
01/11/2020,Pulltab,188595.00
01/11/2020,Instaplay,192921.00
01/18/2020,Lotto,1982027.50
01/18/2020,Instant,3605173.00
01/18/2020,Pulltab,251640.00
01/18/2020,Instaplay,192184.00
01/25/2020,Lotto,2238493.00
01/25/2020,Instant,4035795.00
01/25/2020,Pulltab,156600.00
01/25/2020,Instaplay,188727.00
02/01/2020,Lotto,2127467.00
02/01/2020,Instant,7030670.00
02/01/2020,Pulltab,243708.55
02/01/2020,Instaplay,211324.00
02/08/2020,Lotto,1559034.50
02/08/2020,Instant,4819841.00
02/08/2020,Pulltab,196554.76
02/08/2020,Instaplay,375655.00
02/15/2020,Lotto,1497566.50
02/15/2020,Instant,3828354.00
02/15/2020,Pulltab,272295.00
02/15/2020,Instaplay,320550.00
02/22/2020,Lotto,1416764.50
02/22/2020,Instant,6518402.00
02/22/2020,Pulltab,190467.48
02/22/2020,Instaplay,351320.00
02/29/2020,Lotto,1472730.50
02/29/2020,Instant,5578193.00
02/29/2020,Pulltab,186181.71
02/29/2020,Instaplay,395135.00
03/07/2020,Lotto,1593005.50
03/07/2020,Instant,3826802.00
03/07/2020,Pulltab,181583.09
03/07/2020,Instaplay,384255.00
03/14/2020,Lotto,1564990.00
03/14/2020,Instant,4520761.00
03/14/2020,Pulltab,229459.50
03/14/2020,Instaplay,425043.00
03/21/2020,Lotto,1458175.00
03/21/2020,Instant,4956859.00
03/21/2020,Pulltab,78975.00
03/21/2020,Instaplay,344586.00
03/28/2020,Lotto,1420217.50
03/28/2020,Instant,5403187.00
03/28/2020,Pulltab,18630.00
03/28/2020,Instaplay,361344.00
04/04/2020,Lotto,1420717.00
04/04/2020,Instant,4886444.00
04/04/2020,Pulltab,19980.00
04/04/2020,Instaplay,463403.00
07/09/2022,Lotto,1919539.50
07/09/2022,Instant,4519144.00
07/09/2022,Pulltab,195345.00
07/09/2022,Instaplay,842628.00
07/16/2022,Lotto,2388504.50
07/16/2022,Instant,4323691.00
07/16/2022,Pulltab,231390.00
07/16/2022,Instaplay,363268.00
07/23/2022,Lotto,4037914.00
07/23/2022,Instant,5556589.00
07/23/2022,Pulltab,281745.00
07/23/2022,Instaplay,353591.00
07/30/2022,Lotto,10046469.00
07/30/2022,Instant,5852479.00
07/30/2022,Pulltab,244080.00
07/30/2022,Instaplay,363285.00
08/06/2022,Lotto,1787889.00
08/06/2022,Instant,4480152.00
08/06/2022,Pulltab,239463.99
08/06/2022,Instaplay,395069.00
08/13/2022,Lotto,1618824.50
08/13/2022,Instant,4900245.00
08/13/2022,Pulltab,276962.72
08/13/2022,Instaplay,447206.00
08/20/2022,Lotto,1636095.50
08/20/2022,Instant,5371971.00
08/20/2022,Pulltab,246357.00
08/20/2022,Instaplay,404885.00
08/27/2022,Lotto,1725778.00
08/27/2022,Instant,5944341.00
08/27/2022,Pulltab,244620.00
08/27/2022,Instaplay,396940.00
09/03/2022,Lotto,1792644.50
09/03/2022,Instant,4890365.00
09/03/2022,Pulltab,211140.00
09/03/2022,Instaplay,465550.00
09/10/2022,Lotto,1746236.00
09/10/2022,Instant,4678086.00
09/10/2022,Pulltab,167996.78
09/10/2022,Instaplay,582090.00
09/17/2022,Lotto,1869270.50
09/17/2022,Instant,5069893.00
09/17/2022,Pulltab,212760.00
09/17/2022,Instaplay,386710.00
09/24/2022,Lotto,1950970.00
09/24/2022,Instant,4752223.00
09/24/2022,Pulltab,419927.52
09/24/2022,Instaplay,448596.00
10/01/2022,Lotto,2071322.00
10/01/2022,Instant,5725408.00
10/01/2022,Pulltab,193214.00
10/01/2022,Instaplay,385031.00
10/08/2022,Lotto,2249396.00
10/08/2022,Instant,3925370.00
10/08/2022,Pulltab,227958.02
10/08/2022,Instaplay,545168.00
10/15/2022,Lotto,2647228.50
10/15/2022,Instant,3926864.00
10/15/2022,Pulltab,254880.00
10/15/2022,Instaplay,496021.00
10/22/2022,Lotto,2711266.00
10/22/2022,Instant,6129890.00
10/22/2022,Pulltab,252855.00
10/22/2022,Instaplay,523826.00
10/29/2022,Lotto,5383861.00
10/29/2022,Instant,6478233.00
10/29/2022,Pulltab,209790.00
10/29/2022,Instaplay,607540.00
11/05/2022,Lotto,14068172.00
11/05/2022,Instant,4899041.00
11/05/2022,Pulltab,272838.98
11/05/2022,Instaplay,620736.00
11/12/2022,Lotto,7602457.50
11/12/2022,Instant,5316493.00
11/12/2022,Pulltab,255224.48
11/12/2022,Instaplay,546013.00
11/19/2022,Lotto,1867765.50
11/19/2022,Instant,6607450.00
11/19/2022,Pulltab,365519.74
11/19/2022,Instaplay,552198.00
11/26/2022,Lotto,1844943.00
11/26/2022,Instant,5612263.00
11/26/2022,Pulltab,143261.53
11/26/2022,Instaplay,561683.00
12/03/2022,Lotto,1926229.00
12/03/2022,Instant,5414305.00
12/03/2022,Pulltab,323730.00
12/03/2022,Instaplay,560813.00
12/10/2022,Lotto,1963755.00
12/10/2022,Instant,5985721.00
12/10/2022,Pulltab,281385.72
12/10/2022,Instaplay,611406.00
12/17/2022,Lotto,2002243.00
12/17/2022,Instant,5546561.00
12/17/2022,Pulltab,321030.00
12/17/2022,Instaplay,692174.00
12/24/2022,Lotto,2130149.00
12/24/2022,Instant,5264767.00
12/24/2022,Pulltab,150120.00
12/24/2022,Instaplay,624764.00
12/31/2022,Lotto,3389479.00
12/31/2022,Instant,5538091.00
12/31/2022,Pulltab,225720.00
12/31/2022,Instaplay,576738.00
01/07/2023,Lotto,4812634.50
01/07/2023,Instant,6677118.00
01/07/2023,Pulltab,195060.03
01/07/2023,Instaplay,610346.00
01/14/2023,Lotto,7049872.50
01/14/2023,Instant,4986297.00
01/14/2023,Pulltab,309420.00
01/14/2023,Instaplay,749406.00
01/21/2023,Lotto,2262665.50
01/21/2023,Instant,5070896.00
01/21/2023,Pulltab,280021.81
01/21/2023,Instaplay,836243.00
01/28/2023,Lotto,2442218.00
01/28/2023,Instant,7580814.00
01/28/2023,Pulltab,283500.00
01/28/2023,Instaplay,1036879.00
02/04/2023,Lotto,3208289.50
02/04/2023,Instant,5580997.00
02/04/2023,Pulltab,282668.52
02/04/2023,Instaplay,1205692.00
02/11/2023,Lotto,2316936.50
02/11/2023,Instant,5041349.00
02/11/2023,Pulltab,211689.52
02/11/2023,Instaplay,529983.00
02/18/2023,Lotto,1681567.00
02/18/2023,Instant,6981731.00
02/18/2023,Pulltab,272278.54
02/18/2023,Instaplay,477570.00
02/25/2023,Lotto,1790145.00
02/25/2023,Instant,6023911.00
02/25/2023,Pulltab,256691.52
02/25/2023,Instaplay,524448.00
03/04/2023,Lotto,1932857.00
03/04/2023,Instant,6259947.00
03/04/2023,Pulltab,263985.25
03/04/2023,Instaplay,625978.00
03/11/2023,Lotto,1779813.50
03/11/2023,Instant,5220309.00
03/11/2023,Pulltab,214787.75
03/11/2023,Instaplay,662060.00
03/18/2023,Lotto,1817281.50
03/18/2023,Instant,5033210.00
03/18/2023,Pulltab,289761.04
03/18/2023,Instaplay,722046.00
03/25/2023,Lotto,1929660.50
03/25/2023,Instant,6011469.00
03/25/2023,Pulltab,296767.25
03/25/2023,Instaplay,759864.00
04/01/2023,Lotto,2006411.50
04/01/2023,Instant,6469882.00
04/01/2023,Pulltab,269190.00
04/01/2023,Instaplay,601541.00
04/08/2023,Lotto,1987381.00
04/08/2023,Instant,5469905.00
04/08/2023,Pulltab,230917.43
04/08/2023,Instaplay,517836.00
04/15/2023,Lotto,2013351.50
04/15/2023,Instant,5367097.00
04/15/2023,Pulltab,274320.00
04/15/2023,Instaplay,1082946.00
04/22/2023,Lotto,1556271.00
04/22/2023,Instant,6487022.00
04/22/2023,Pulltab,233688.02
04/22/2023,Instaplay,1165326.00
04/29/2023,Lotto,1608170.00
04/29/2023,Instant,7719236.00
04/29/2023,Pulltab,224636.00
04/29/2023,Instaplay,527468.00
05/06/2023,Lotto,1586994.50
05/06/2023,Instant,6126323.00
05/06/2023,Pulltab,225289.53
05/06/2023,Instaplay,515503.00
05/13/2023,Lotto,1617539.50
05/13/2023,Instant,6017006.00
05/13/2023,Pulltab,293506.27
05/13/2023,Instaplay,504776.00
05/20/2023,Lotto,1690097.50
05/20/2023,Instant,6569256.00
05/20/2023,Pulltab,199260.00
05/20/2023,Instaplay,525762.00
05/27/2023,Lotto,1720096.00
05/27/2023,Instant,6711184.00
05/27/2023,Pulltab,238682.00
05/27/2023,Instaplay,567603.00
06/03/2023,Lotto,1737120.00
06/03/2023,Instant,5631076.00
06/03/2023,Pulltab,258314.51
06/03/2023,Instaplay,673741.00
06/10/2023,Lotto,1864444.00
06/10/2023,Instant,5410509.00
06/10/2023,Pulltab,204341.51
06/10/2023,Instaplay,803802.00
06/17/2023,Lotto,1943106.50
06/17/2023,Instant,6428627.00
06/17/2023,Pulltab,211680.00
06/17/2023,Instaplay,924157.00
06/24/2023,Lotto,2092147.50
06/24/2023,Instant,5018585.00
06/24/2023,Pulltab,250290.00
06/24/2023,Instaplay,1006607.00
07/01/2023,Lotto,2356819.50
07/01/2023,Instant,6507379.00
07/01/2023,Pulltab,267840.00
07/01/2023,Instaplay,435831.00
07/08/2023,Lotto,3440728.00
07/08/2023,Instant,5615759.00
07/08/2023,Pulltab,166050.00
07/08/2023,Instaplay,421561.00
07/15/2023,Lotto,5951629.00
07/15/2023,Instant,5056467.00
07/15/2023,Pulltab,260820.00
07/15/2023,Instaplay,441872.00
07/22/2023,Lotto,7446555.00
07/22/2023,Instant,6613535.00
07/22/2023,Pulltab,252469.97
07/22/2023,Instaplay,432279.00
07/29/2023,Lotto,4071708.50
07/29/2023,Instant,6035274.00
07/29/2023,Pulltab,199690.03
07/29/2023,Instaplay,420915.00
08/05/2023,Lotto,6449867.00
08/05/2023,Instant,5064012.00
08/05/2023,Pulltab,271466.51
08/05/2023,Instaplay,497552.00
08/12/2023,Lotto,4589051.00
08/12/2023,Instant,5720262.00
08/12/2023,Pulltab,255690.00
08/12/2023,Instaplay,530445.00
08/19/2023,Lotto,1958186.50
08/19/2023,Instant,6957803.00
08/19/2023,Pulltab,239758.53
08/19/2023,Instaplay,470147.00
08/26/2023,Lotto,1984930.00
08/26/2023,Instant,5622867.00
08/26/2023,Pulltab,254880.00
08/26/2023,Instaplay,487770.00
09/02/2023,Lotto,2104503.50
09/02/2023,Instant,5262334.00
09/02/2023,Pulltab,218430.00
09/02/2023,Instaplay,518394.00
09/09/2023,Lotto,2168142.50
09/09/2023,Instant,6065369.00
09/09/2023,Pulltab,152008.50
09/09/2023,Instaplay,522570.00
09/16/2023,Lotto,2413533.00
09/16/2023,Instant,4593118.00
09/16/2023,Pulltab,188340.00
09/16/2023,Instaplay,580304.00
09/23/2023,Lotto,2740985.50
09/23/2023,Instant,4798379.00
09/23/2023,Pulltab,306198.56
09/23/2023,Instaplay,642026.00
09/30/2023,Lotto,3912043.00
09/30/2023,Instant,5772956.00
09/30/2023,Pulltab,264394.49
09/30/2023,Instaplay,690888.00
10/07/2023,Lotto,6614307.50
10/07/2023,Instant,4851311.00
10/07/2023,Pulltab,191844.03
10/07/2023,Instaplay,462225.00
10/14/2023,Lotto,5915817.00
10/14/2023,Instant,4643851.00
10/14/2023,Pulltab,248670.00
10/14/2023,Instaplay,421180.00
10/21/2023,Lotto,1621786.50
10/21/2023,Instant,5342589.00
10/21/2023,Pulltab,451440.00
10/21/2023,Instaplay,510905.00
10/28/2023,Lotto,1720286.50
10/28/2023,Instant,7421692.00
10/28/2023,Pulltab,212220.00
10/28/2023,Instaplay,624098.00
11/04/2023,Lotto,1737257.50
11/04/2023,Instant,5610281.00
11/04/2023,Pulltab,251559.82
11/04/2023,Instaplay,459569.00
11/11/2023,Lotto,1992733.50
11/11/2023,Instant,5391586.00
11/11/2023,Pulltab,205740.00
11/11/2023,Instaplay,501175.00
11/18/2023,Lotto,1948926.00
11/18/2023,Instant,6798995.00
11/18/2023,Pulltab,318628.51
11/18/2023,Instaplay,400456.00
11/25/2023,Lotto,1957739.00
11/25/2023,Instant,5500977.00
11/25/2023,Pulltab,121770.00
11/25/2023,Instaplay,473405.00
12/02/2023,Lotto,2150030.00
12/02/2023,Instant,6059815.00
12/02/2023,Pulltab,268578.45
12/02/2023,Instaplay,460455.00
12/09/2023,Lotto,2216232.00
12/09/2023,Instant,6212768.00
12/09/2023,Pulltab,290318.99
12/09/2023,Instaplay,456413.00
12/16/2023,Lotto,2168873.50
12/16/2023,Instant,5399195.00
12/16/2023,Pulltab,360217.52
12/16/2023,Instaplay,491641.00
12/23/2023,Lotto,2669806.00
12/23/2023,Instant,7039631.00
12/23/2023,Pulltab,-113337.99
12/23/2023,Instaplay,553292.00
12/30/2023,Lotto,3358950.00
12/30/2023,Instant,6252233.00
12/30/2023,Pulltab,203310.00
12/30/2023,Instaplay,551553.00
